{
  "viewBox": [
    1440,
    900
  ],
  "centers": {
    "queue": [
      284.4,
      333.2
    ],
    "scheduler": [
      557.2,
      227.59999999999997
    ],
    "execution": [
      833.3,
      227.55
    ],
    "aurelius": [
      566,
      421.99999999999994
    ],
    "constraint": [
      821.1999999999999,
      453.20000000000005
    ],
    "ledger": [
      293.19999999999993,
      518
    ]
  },
  "envTag": [
    154.60000000000002,
    338.7
  ],
  "paths": {
    "bridge": "M491.2,313.4 Q554.7,283.4 634.2,379.3",
    "advisory": "M544,338.6 Q459.6,304.8 447.2,291",
    "blocked": "M803.6,274.7 Q784.2,351.9 728.8,481"
  },
  "packet": {
    "from": [
      491.20000000000005,
      313.4
    ],
    "mid": [
      554.7,
      283.4
    ],
    "to": [
      634.2,
      379.2599999999999
    ]
  },
  "advisory": {
    "from": [
      544,
      338.55999999999995
    ],
    "mid": [
      459.6,
      304.804
    ],
    "to": [
      447.20000000000005,
      291.048
    ]
  },
  "blocked": {
    "from": [
      803.6,
      274.74
    ],
    "mid": [
      784.2,
      351.89
    ],
    "to": [
      728.8,
      481.0399999999999
    ]
  },
  "barrier": [
    728.8,
    481.0399999999999
  ],
  "metaTag": [
    554.7,
    275.4
  ],
  "payloadTag": [
    744.8,
    481.0399999999999
  ],
  "stages": [
    [
      566,
      412.3999999999999
    ],
    [
      532,
      420.3999999999999
    ],
    [
      600,
      420.3999999999999
    ]
  ],
  "aureliusTop": [
    566,
    421.99999999999994
  ],
  "constraintTop": [
    821.1999999999999,
    453.20000000000005
  ],
  "ledgerTop": [
    293.19999999999993,
    447.44000000000005
  ],
  "queueTop": [
    284.4,
    243.92
  ]
}