{
  "viewBox": [
    880,
    744
  ],
  "packet": {
    "schedOut": [
      432,
      266
    ],
    "aurIn": [
      432,
      344
    ],
    "aurOut": [
      432,
      398
    ],
    "execIn": [
      432,
      476
    ]
  },
  "reject": {
    "from": [
      458.40000000000003,
      259.4
    ],
    "to": [
      489.41999999999996,
      365.21000000000004
    ]
  },
  "gate": [
    489.41999999999996,
    336.71000000000004
  ],
  "schedScreen": [
    474.9,
    228.46999999999997
  ],
  "labels": {
    "scheduler": [
      349.5,
      274.25
    ],
    "schedMeta": [
      432,
      326.6
    ],
    "aurelius": [
      306.6,
      427.70000000000005
    ],
    "execution": [
      333,
      540.5
    ],
    "execUnchanged": [
      432,
      473.6
    ]
  }
}