{
  "viewBox": [
    1280,
    850
  ],
  "paths": {
    "bridge": "M432,382.2 Q582,356.2 732,411.4",
    "advisory": "M772,392.8 Q562,436.8 352,412.8",
    "blocked": "M296,437 Q508,433.3 720,369.6"
  },
  "packet": {
    "from": [
      432,
      382.20000000000005
    ],
    "mid": [
      582,
      356.20000000000005
    ],
    "to": [
      732,
      411.4
    ]
  },
  "advisory": {
    "from": [
      772,
      392.8
    ],
    "mid": [
      562,
      436.79999999999995
    ],
    "to": [
      352,
      412.79999999999995
    ]
  },
  "blocked": {
    "from": [
      296,
      437
    ],
    "mid": [
      508,
      433.3
    ],
    "to": [
      720,
      369.6
    ]
  },
  "barrier": [
    720,
    369.6
  ],
  "gate": [
    744.8,
    367
  ],
  "ledger": [
    932,
    407.28
  ],
  "cloud": [
    808,
    255.39999999999998
  ],
  "labels": {
    "workload": [
      280,
      341.20000000000005
    ],
    "scheduler": [
      180,
      457.2
    ],
    "aurelius": [
      808,
      466.6
    ],
    "constraint": [
      744.8,
      367
    ],
    "ledger": [
      932,
      407.28
    ],
    "forecast": [
      808,
      255.39999999999998
    ],
    "blocked": [
      720,
      369.6
    ],
    "bridge": [
      582,
      356.20000000000005
    ]
  }
}